uri	label	definition	parent_label
http://ncicb.nci.nih.gov/xml/owl/EVS/Thesaurus.owl#C20181	Conceptual Entity	An organizational header for concepts representing mostly abstract entities.	
http://ncicb.nci.nih.gov/xml/owl/EVS/Thesaurus.owl#C20189	Property or Attribute	A distinguishing quality or prominent aspect of a person, object, action, process, or substance.	
http://ncicb.nci.nih.gov/xml/owl/EVS/Thesaurus.owl#C22188	Experimental Organism Anatomical Concept	A biological structure, fluid or other substance that is present in a non-human organism; this includes anatomic entities found in organisms used in research settings. However, this grouping excludes single molecular entities.	
http://ncicb.nci.nih.gov/xml/owl/EVS/Thesaurus.owl#C16612	Gene	A functional unit of heredity which occupies a specific position on a particular chromosome and serves as the template for a product that contributes to a phenotype or a biological function.	
http://ncicb.nci.nih.gov/xml/owl/EVS/Thesaurus.owl#C1287	Recombinant Granulocyte Colony-Stimulating Factor	A recombinant therapeutic agent which is chemically identical to or similar to the endogenous cytokine granulocyte colony-stimulating factor (G-CSF).  Secreted by monocytes, macrophages and neutrophils and other cells after activation, G-CSF stimulates the proliferation and differentiation of hematopoietic progenitor cells committed to the neutrophil/ granulocyte lineage. (NCI04)	
http://ncicb.nci.nih.gov/xml/owl/EVS/Thesaurus.owl#C28428	Retired Concept	Concept has been retired, and should not be used except to deal with old data.	
http://ncicb.nci.nih.gov/xml/owl/EVS/Thesaurus.owl#C12913	Abnormal Cell	An abnormal human cell type which can occur in either disease states or disease models.	
http://ncicb.nci.nih.gov/xml/owl/EVS/Thesaurus.owl#C20047	Diagnostic or Prognostic Factor	A characteristic of an organism that contributes to the diagnosis or treatment of a disease or to the prediction of clinical outcomes.	
http://ncicb.nci.nih.gov/xml/owl/EVS/Thesaurus.owl#C9305	Malignant Neoplasm	A neoplasm composed of atypical neoplastic, often pleomorphic cells that invade other tissues. Malignant neoplasms often metastasize to distant anatomic sites and may recur after excision. The most common malignant neoplasms are carcinomas, Hodgkin and non-Hodgkin lymphomas, leukemias, melanomas, and sarcomas.	
http://ncicb.nci.nih.gov/xml/owl/EVS/Thesaurus.owl#C477	Recombinant Erythropoietin	A recombinant therapeutic agent which is chemically identical to or similar to the endogenous glycoprotein erythropoietin (Epo).  Epo promotes the differentiation and maturation of hematopoietic progenitors into erythrocytes; is a mitogen and a chemoattractant for endothelial cells; stimulates activated and differentiated B-cells and enhances B-cell immunoglobulin production and proliferation; and is hypoxia-inducible. (NCI04)	
http://ncicb.nci.nih.gov/xml/owl/EVS/Thesaurus.owl#C12219	Anatomic Structure, System, or Substance	A human biological structure, fluid or other substance; excludes single molecular entities.	
http://ncicb.nci.nih.gov/xml/owl/EVS/Thesaurus.owl#C1908	Drug, Food, Chemical or Biomedical Material	An organic or inorganic substance, element, isotope, food or other materials derived from microorganism, plant, or animal sources. They can be used for the prevention, diagnosis, treatment or research of disease states, for industrial purposes, or for the promotion or maintenance of organism viability or health.	
http://ncicb.nci.nih.gov/xml/owl/EVS/Thesaurus.owl#C43431	Activity	An active process; excludes processes and mechanisms which fulfill biological functions.	
http://ncicb.nci.nih.gov/xml/owl/EVS/Thesaurus.owl#C20633	Biochemical Pathway	A series of biochemical reactions which occurs in a known sequence and can result in all or part of the initiation, progression or completion of a biological process or function.	
http://ncicb.nci.nih.gov/xml/owl/EVS/Thesaurus.owl#C17828	Biological Process	An activity occurring within an organism, between organisms or among organisms and the mechanisms underlying such events.	
http://ncicb.nci.nih.gov/xml/owl/EVS/Thesaurus.owl#C26548	Gene Product	A protein, RNA or a complex that contains proteins and/or RNA.	
http://ncicb.nci.nih.gov/xml/owl/EVS/Thesaurus.owl#C17671	Nuclear Receptor	Proteins that regulate transcription via interaction with chromatin and basal transcription machinery at the promoter regions of genes. Nuclear receptors are ligand-dependent transcription factors including steroids, retinoids, vitamin D, unliganded thyroid hormone, and orphan receptors (unknown ligands). Coregulators (coactivators or corepressors) are important in mediating these interactions and thereby modulate positive or negative receptor activity.	
http://ncicb.nci.nih.gov/xml/owl/EVS/Thesaurus.owl#C1288	Recombinant Granulocyte-Macrophage Colony-Stimulating Factor	A recombinant therapeutic agent which is chemically identical to or similar to the endogenous glycoprotein cytokine growth factor granulocyte-macrophage colony stimulating factor (GM-CSF). Therapeutic GM-CSF induces the clonal expansion and differentiation of progenitor blood cells and stimulates the cytotoxicity of monocytes and neutrophils, thereby restoring immune function and host antitumor immune responses and stimulating engraftment of transplanted bone marrow tissue. (NCI04)	
http://ncicb.nci.nih.gov/xml/owl/EVS/Thesaurus.owl#C19950	Transmembrane Transport	Any subcellular or molecular process involved in translocation of a biological molecule across a cell membrane from one site or compartment to another. (NCI)	
http://ncicb.nci.nih.gov/xml/owl/EVS/Thesaurus.owl#C14250	Organism	A living entity.	
http://ncicb.nci.nih.gov/xml/owl/EVS/Thesaurus.owl#C913	Recombinant Tumor Necrosis Factor-Alpha	A recombinant therapeutic agent which is chemically identical to or similar to the endogenous cytokine tumor necrosis factor-alpha with antineoplastic properties.  Tumor necrosis factor-alpha binds to and activates "death receptors" on the cell surface, resulting in apoptosis and cell death by the p53-independent extrinsic pathway. This agent also disrupts tumor vascularization. (NCI04)	
http://ncicb.nci.nih.gov/xml/owl/EVS/Thesaurus.owl#C97325	Manufactured Object	A physical object created by hand or machine.	
http://ncicb.nci.nih.gov/xml/owl/EVS/Thesaurus.owl#C3910	Molecular Abnormality	A molecular or cytogenetic abnormality which occurs in either human disease states or disease models.	
http://ncicb.nci.nih.gov/xml/owl/EVS/Thesaurus.owl#C22187	Experimental Organism Diagnosis	A condition or observation that is relevant to disease states, models of disease or characterization of those conditions in a non-human organism; this includes conditions or observations in organisms used in research settings.	
http://ncicb.nci.nih.gov/xml/owl/EVS/Thesaurus.owl#C16691	HLA Class I Histocompatibility Antigen, A-2 Alpha Chain	HLA class I histocompatibility antigen, A-2 alpha chain (365 aa, ~41 kDa) is encoded by the human HLA-A gene. This protein is involved in antigen presentation.	
http://ncicb.nci.nih.gov/xml/owl/EVS/Thesaurus.owl#C12218	Chemotherapy Regimen or Agent Combination	A combination of multiple drugs used in standard or clinical trial treatments. The order, dosage or dosing interval of the individual ingredients may not be specified.	
http://ncicb.nci.nih.gov/xml/owl/EVS/Thesaurus.owl#C80280	Diffuse Large B-Cell Lymphoma, Not Otherwise Specified	A term referring to a group of diffuse large B-cell lymphomas which are biologically heterogeneous. These lymphomas have a centroblastic, immunoblastic, or anaplastic morphology.	
http://ncicb.nci.nih.gov/xml/owl/EVS/Thesaurus.owl#C7057	Disease, Disorder or Finding	A condition that is relevant to human neoplasms and non-neoplastic disorders.  This includes observations, test results, history and other concepts relevant to the characterization of human pathologic conditions.	
http://ncicb.nci.nih.gov/xml/owl/EVS/Thesaurus.owl#C20426	Fibroblast Growth Factor	A family of structurally-related growth factors with high affinity for heparin. These proteins modulate cell proliferation, angiogenesis, wound healing, embryogenesis and paracrine signaling pathways. Fibroblast growth factors (FGF) stimulate signal transduction through binding to specific members of the fibroblast growth factor receptors (FGFR) family tyrosine kinases.	
http://ncicb.nci.nih.gov/xml/owl/EVS/Thesaurus.owl#C4917	Lung Small Cell Carcinoma	A highly aggressive carcinoma with neuroendocrine differentiation that arises from the lung. It is characterized by the presence of malignant small cells and more than 10 mitoses per 2 mm2. Necrosis is frequently seen. Metastatic disease is usually present at the time of diagnosis.	
http://ncicb.nci.nih.gov/xml/owl/EVS/Thesaurus.owl#C3208	Lymphoma	A malignant (clonal) proliferation of B- lymphocytes or T- lymphocytes which involves the lymph nodes, bone marrow and/or extranodal sites. This category includes Non-Hodgkin lymphomas and Hodgkin lymphomas.	
http://ncicb.nci.nih.gov/xml/owl/EVS/Thesaurus.owl#C7478	Malignant Esophageal Neoplasm	A primary or metastatic malignant neoplasm involving the esophagus.	
http://ncicb.nci.nih.gov/xml/owl/EVS/Thesaurus.owl#C37005	Neoplastic Medium-Sized B-Lymphocyte with Basophilic Cytoplasm		
http://ncicb.nci.nih.gov/xml/owl/EVS/Thesaurus.owl#C7286	Ovarian Monodermal Teratoma	A teratoma that arises from the ovary and is characterized by the presence of tissues derived exclusively from one embryonic germ cell layer.	
http://ncicb.nci.nih.gov/xml/owl/EVS/Thesaurus.owl#C583	Recombinant Interferon Gamma	A recombinant therapeutic agent which is chemically identical to or similar to the endogenous lymphokine interferon gamma (IFN-gamma) with antineoplastic, immunoregulatory, and antiviral activities. Therapeutic IFN-gamma binds to and activates the cell-surface IFN-gamma receptor, stimulating antibody-dependent cytotoxicity and enhances natural killer cell attachment to tumor cells. This agent also activates caspases, thereby inducing apoptosis in malignant cells. (NCI04)	
http://ncicb.nci.nih.gov/xml/owl/EVS/Thesaurus.owl#C2929	Squamous Cell Carcinoma	A carcinoma arising from squamous epithelial cells.  Morphologically, it is characterized by the proliferation of atypical, often pleomorphic squamous cells.  Squamous cell carcinomas are graded by the degree of cellular differentiation as well, moderately, or poorly differentiated.  Well differentiated carcinomas are usually associated with keratin production and the presence of intercellular bridges between adjacent cells.  Representative examples are lung squamous cell carcinoma, skin squamous cell carcinoma, and cervical squamous cell carcinoma.	
http://ncicb.nci.nih.gov/xml/owl/EVS/Thesaurus.owl#C3167	Acute Lymphoblastic Leukemia	Leukemia with an acute onset, characterized by the presence of lymphoblasts in the bone marrow and the peripheral blood. It includes the acute B lymphoblastic leukemia and acute T lymphoblastic leukemia.	
http://ncicb.nci.nih.gov/xml/owl/EVS/Thesaurus.owl#C6906	Atypical Teratoid/Rhabdoid Tumor	An aggressive malignant embryonal neoplasm arising from the central nervous system. It is composed of cells with a large eccentric nucleus, prominent nucleolus, and abundant cytoplasm. Mutations of the SMARCB1 gene or very rarely SMARCA4 (BRG1) gene are present. The vast majority of cases occur in childhood. Symptoms include lethargy, vomiting, cranial nerve palsy, headache, and hemiplegia.	
http://ncicb.nci.nih.gov/xml/owl/EVS/Thesaurus.owl#C101091	BCOR Gene	This gene plays a role in the repression of gene transcription.	
http://ncicb.nci.nih.gov/xml/owl/EVS/Thesaurus.owl#C8287	Bilateral Breast Carcinoma	Carcinoma that affects both breasts in a simultaneous or non-simultaneous manner.	
http://ncicb.nci.nih.gov/xml/owl/EVS/Thesaurus.owl#C5214	Breast Adenocarcinoma	The most common histologic type of breast carcinoma.  Representative examples include invasive ductal carcinoma not otherwise specified, ductal carcinoma in situ, inflammatory carcinoma, secretory carcinoma, signet ring cell carcinoma, tubular carcinoma, invasive lobular carcinoma, and lobular carcinoma in situ.	
http://ncicb.nci.nih.gov/xml/owl/EVS/Thesaurus.owl#C2960	Condyloma Acuminatum	A sexually transmitted papillary growth caused by the human papillomavirus. It usually arises in the skin and mucous membranes of the perianal region and external genitalia.	
http://ncicb.nci.nih.gov/xml/owl/EVS/Thesaurus.owl#C190402	EBV-Related T/NK-Cell Lymphoproliferative Disorder	T/NK-cell lymphoproliferative disorder that is associated with Epstein-Barr virus.	
http://ncicb.nci.nih.gov/xml/owl/EVS/Thesaurus.owl#C7558	Endometrial Carcinoma	A malignant tumor arising from the epithelium that lines the cavity of the uterine body.  The vast majority of endometrial carcinomas are adenocarcinomas; squamous cell and adenosquamous carcinomas represent a minority of the cases.  Endometrioid adenocarcinoma is the most frequently seen variant of endometrial adenocarcinoma.  Uterine bleeding is an initial clinical sign.  The prognosis depends on the stage of the tumor, the depth of myometrial wall invasion, and the degree of differentiation.	
http://ncicb.nci.nih.gov/xml/owl/EVS/Thesaurus.owl#C43341	Extraocular Sebaceous Carcinoma	A rare variant of sebaceous carcinoma that does not affect the ocular region.	
http://ncicb.nci.nih.gov/xml/owl/EVS/Thesaurus.owl#C7132	Glandular Cell Neoplasm	A benign or malignant, primary or metastatic epithelial neoplasm affecting the glandular cells.	
http://ncicb.nci.nih.gov/xml/owl/EVS/Thesaurus.owl#C3058	Glioblastoma	The most malignant astrocytic tumor (WHO grade 4).  It is composed of poorly differentiated neoplastic astrocytes and is characterized by the presence of cellular polymorphism, nuclear atypia, brisk mitotic activity, vascular thrombosis, microvascular proliferation, and necrosis. It typically affects adults and is preferentially located in the cerebral hemispheres. (Adapted from WHO)	
http://ncicb.nci.nih.gov/xml/owl/EVS/Thesaurus.owl#C20427	Hematopoietic Growth Factor	Endogenous growth factors which promote the development of blood cells.	
http://ncicb.nci.nih.gov/xml/owl/EVS/Thesaurus.owl#C9357	Hodgkin Lymphoma	A lymphoma characterized by the presence of relatively few malignant cells called Reed-Sternberg cells and mononuclear Hodgkin cells that are admixed with nonneoplastic inflammatory cells. The malignant cells have a distinctive immunophenotype; they are positive for CD30 and CD15 and negative for CD3, CD20, and CD45.	
http://ncicb.nci.nih.gov/xml/owl/EVS/Thesaurus.owl#C9245	Invasive Breast Carcinoma	A carcinoma that infiltrates the breast parenchyma.  The vast majority are adenocarcinomas arising from the terminal ductal lobular unit (TDLU).  Often, the invasive adenocarcinoma co-exists with ductal or lobular carcinoma in situ.  It is the most common carcinoma affecting women.	
http://ncicb.nci.nih.gov/xml/owl/EVS/Thesaurus.owl#C4105	Keratinizing Squamous Cell Carcinoma	Squamous cell carcinomas with morphologically prominent production of keratin.	
http://ncicb.nci.nih.gov/xml/owl/EVS/Thesaurus.owl#C9384	Kidney Carcinoma	A carcinoma arising from the epithelium of the renal parenchyma or the renal pelvis.  The majority are renal cell carcinomas.  Kidney carcinomas usually affect middle aged and elderly adults.  Hematuria, abdominal pain, and a palpable mass are common symptoms.	
http://ncicb.nci.nih.gov/xml/owl/EVS/Thesaurus.owl#C3193	Lipomatosis	A neoplastic process characterized by diffuse overgrowth of mature adipose tissue.	
http://ncicb.nci.nih.gov/xml/owl/EVS/Thesaurus.owl#C35346	Lymph Node Disorder	A non-neoplastic or neoplastic disorder that affects the lymph nodes.	
http://ncicb.nci.nih.gov/xml/owl/EVS/Thesaurus.owl#C3222	Medulloblastoma	A malignant, invasive embryonal neoplasm arising from the cerebellum or posterior fossa. It occurs predominantly in children and has the tendency to metastasize via the cerebrospinal fluid pathways. Signs and symptoms include truncal ataxia, disturbed gait, lethargy, headache, and vomiting. There are four histologic variants: classic medulloblastoma, large cell/anaplastic medulloblastoma, desmoplastic/nodular medulloblastoma, and medulloblastoma with extensive nodularity.	
http://ncicb.nci.nih.gov/xml/owl/EVS/Thesaurus.owl#C3230	Meningioma	A generally slow growing tumor attached to the dura mater. It is composed of neoplastic meningothelial (arachnoidal) cells. It typically occurs in adults, often women and it has a wide range of histopathological appearances. Of the various subtypes, meningothelial, fibrous and transitional meningiomas are the most common. Most meningiomas are WHO grade 1 tumors, and some are WHO grade 2 or 3 tumors. Most subtypes share a common clinical behavior, although some subtypes are more likely to recur and follow a more aggressive clinical course. (Adapted from WHO)	
http://ncicb.nci.nih.gov/xml/owl/EVS/Thesaurus.owl#C9290	Myeloid Neoplasm	Proliferation of myeloid cells originating from a primitive stem cell.	
http://ncicb.nci.nih.gov/xml/owl/EVS/Thesaurus.owl#C3211	Non-Hodgkin Lymphoma	Distinct from Hodgkin lymphoma both morphologically and biologically, non-Hodgkin lymphoma (NHL) is characterized by the absence of Reed-Sternberg cells, can occur at any age, and usually presents as a localized or generalized lymphadenopathy associated with fever and weight loss. The clinical course varies according to the morphologic type. NHL is clinically classified as indolent, aggressive, or having a variable clinical course. NHL can be of B-or T-/NK-cell lineage.	
http://ncicb.nci.nih.gov/xml/owl/EVS/Thesaurus.owl#C2880	Ovarian Sertoli-Leydig Cell Tumor	A benign or malignant sex cord-stromal tumor arising from the ovary. It is characterized by the presence of neoplastic Leydig cells. Signs and symptoms include hirsutism, menorrhagia and metrorrhagia. It may be associated with trisomy 8.	
http://ncicb.nci.nih.gov/xml/owl/EVS/Thesaurus.owl#C9344	Pineoblastoma	A poorly differentiated malignant embryonal neoplasm arising from the pineal region.  It usually occurs in children and it is characterized by the presence of small immature neuroepithelial cells.  It may follow an aggressive clinical course.	
http://ncicb.nci.nih.gov/xml/owl/EVS/Thesaurus.owl#C4863	Prostate Carcinoma	One of the most common malignant tumors afflicting men.  The majority of carcinomas arise in the peripheral zone and a minority occur in the central or the transitional zone of the prostate gland.  Grossly, prostatic carcinomas appear as ill-defined yellow areas of discoloration in the prostate gland lobes.  Adenocarcinomas represent the overwhelming majority of prostatic carcinomas.  Prostatic-specific antigen (PSA) serum test is widely used as a screening test for the early detection of prostatic carcinoma.  Treatment options include radical prostatectomy, radiation therapy, androgen ablation and cryotherapy.  Watchful waiting or surveillance alone is an option for older patients with low-grade or low-stage disease.	
http://ncicb.nci.nih.gov/xml/owl/EVS/Thesaurus.owl#C1410	Recombinant Human Stem Cell Factor	A therapeutic glycoprotein cytokine chemically identical to or similar to endogenous human stem cell factor with hematopoietic activity. Recombinant human stem cell factor (rhSCF) binds to the receptor tyrosine kinase c-kit, which may stimulate the growth of peripheral blood progenitor cells (PBPCs). This agent works synergistically with other hematopoietic growth factors. rhSCF may promote bone marrow recovery after myeloablative therapies and procedures.	
http://ncicb.nci.nih.gov/xml/owl/EVS/Thesaurus.owl#C7712	Uveal Melanoma	A melanoma derived from melanocytes of the uveal tract.  It is the most common primary intraocular tumor in the United States and Western Europe.  Similar to melanoma of the skin, it is rare in Africa and Asia.  Diagnostic procedures include ophthalmoscopic exam, fluorescein angiography and ultrasound.  Treatment includes: surgical excision of the eye, iridocyclectomy and tumor resection.  Recent treatments also include radiotherapy or photo coagulation.  Classification of uveal melanomas recognizes four cell types within these tumors: epithelioid, intermediate, mixed cell, and spindle cell types.  The spindle cell type uveal melanomas are further sub-classified as spindle cell type A and spindle cell type B.	
http://ncicb.nci.nih.gov/xml/owl/EVS/Thesaurus.owl#C25396	Access	The right to obtain or make use of or take advantage of something (as services or membership); the right to enter.  Also, an act or means of approaching.	Conceptual Entity
http://ncicb.nci.nih.gov/xml/owl/EVS/Thesaurus.owl#C112918	Accessory	Something added to extend a whole and to make an addition.	Conceptual Entity
http://ncicb.nci.nih.gov/xml/owl/EVS/Thesaurus.owl#C198513	Accommodations	A temporary place to stay, such as a hotel or similar space. It is sometimes used to include the associated food and services.	Conceptual Entity
http://ncicb.nci.nih.gov/xml/owl/EVS/Thesaurus.owl#C86038	Accomplishment	Something that has been achieved or completed successfully.	Conceptual Entity
http://ncicb.nci.nih.gov/xml/owl/EVS/Thesaurus.owl#C86039	Adjudication	The final judgment in a legal proceeding.	Conceptual Entity
http://ncicb.nci.nih.gov/xml/owl/EVS/Thesaurus.owl#C25412	Affiliation	A formal association between entities.	Conceptual Entity
http://ncicb.nci.nih.gov/xml/owl/EVS/Thesaurus.owl#C1708	Agent	An active power or cause (as principle, substance, physical or biological factor, etc.) that produces a specific effect.	Conceptual Entity
http://ncicb.nci.nih.gov/xml/owl/EVS/Thesaurus.owl#C60761	Aim	The goal intended to be attained (and which is believed to be attainable).	Conceptual Entity
http://ncicb.nci.nih.gov/xml/owl/EVS/Thesaurus.owl#C25418	Amplification	Addition of extra material.	Conceptual Entity
http://ncicb.nci.nih.gov/xml/owl/EVS/Thesaurus.owl#C1513	Analog	A synthetic chemical which structurally or functionally resembles a naturally occurring compound.	Conceptual Entity
http://ncicb.nci.nih.gov/xml/owl/EVS/Thesaurus.owl#C72889	Appreciation	To be fully aware of the value of something; realize fully.	Conceptual Entity
http://ncicb.nci.nih.gov/xml/owl/EVS/Thesaurus.owl#C25424	Approach	A way of entering or leaving.	Conceptual Entity
http://ncicb.nci.nih.gov/xml/owl/EVS/Thesaurus.owl#C75603	Artifact	A structure or appearance that is not naturally present, but has been introduced though manipulation.	Conceptual Entity
http://ncicb.nci.nih.gov/xml/owl/EVS/Thesaurus.owl#C63548	Assembly	A group of parts that fit together to form a self-contained unit.	Conceptual Entity
http://ncicb.nci.nih.gov/xml/owl/EVS/Thesaurus.owl#C62281	Assent	Agreement with a statement or proposal to do something.	Conceptual Entity
http://ncicb.nci.nih.gov/xml/owl/EVS/Thesaurus.owl#C94860	Asymmetry Index	A normalized measure of a difference between 2 quantities, expressed as a percentage difference of either their mean or their sum, whichever is defined by a user.	Conceptual Entity
http://ncicb.nci.nih.gov/xml/owl/EVS/Thesaurus.owl#C79889	Authority	A person or group with the power or right to give orders or make decisions for a particular area of activity.	Conceptual Entity
http://ncicb.nci.nih.gov/xml/owl/EVS/Thesaurus.owl#C16315	Award	A prize given for achievement in a specific area, including monies given on the basis of merit.	Conceptual Entity
http://ncicb.nci.nih.gov/xml/owl/EVS/Thesaurus.owl#C25154	Axis	A straight line through a body or figure that satisfies certain conditions.	Conceptual Entity
http://ncicb.nci.nih.gov/xml/owl/EVS/Thesaurus.owl#C45782	Background	Existing conditions, especially those that would be confused with the phenomenon to be observed or measured.	Conceptual Entity
http://ncicb.nci.nih.gov/xml/owl/EVS/Thesaurus.owl#C203650	Bad Debt	Loans or outstanding balances owed that are no longer deemed recoverable and must be written off.	Conceptual Entity
http://ncicb.nci.nih.gov/xml/owl/EVS/Thesaurus.owl#C25213	Baseline	A starting point to which things may be compared.	Conceptual Entity
http://ncicb.nci.nih.gov/xml/owl/EVS/Thesaurus.owl#C25430	Basis	The fundamental assumptions underlying an explanation or a relation that provide the foundation for something.	Conceptual Entity
http://ncicb.nci.nih.gov/xml/owl/EVS/Thesaurus.owl#C67073	Batch	A quantity of people or things treated or regarded as a group, especially when subdivided from a larger group.	Conceptual Entity
http://ncicb.nci.nih.gov/xml/owl/EVS/Thesaurus.owl#C47895	Benchmark	A standard by which something can be measured or judged.	Conceptual Entity
http://ncicb.nci.nih.gov/xml/owl/EVS/Thesaurus.owl#C25387	Benefit	The positive effects of something.	Conceptual Entity
http://ncicb.nci.nih.gov/xml/owl/EVS/Thesaurus.owl#C28232	Bias	Any deviation of results or inferences from the truth, or processes leading to such deviation.	Conceptual Entity
http://ncicb.nci.nih.gov/xml/owl/EVS/Thesaurus.owl#C71739	Blackout	A suspension of service (especially of radio or tv broadcasting).	Conceptual Entity
http://ncicb.nci.nih.gov/xml/owl/EVS/Thesaurus.owl#C80507	Border	A boundary line or the area immediately inside the boundary.	Conceptual Entity
http://ncicb.nci.nih.gov/xml/owl/EVS/Thesaurus.owl#C69010	Bulk	Large size, volume, or amount.	Conceptual Entity
http://ncicb.nci.nih.gov/xml/owl/EVS/Thesaurus.owl#C19161	Business Rules		Conceptual Entity
http://ncicb.nci.nih.gov/xml/owl/EVS/Thesaurus.owl#C25372	Category	A grouping of items based on some commonality or by user defined characteristics.	Conceptual Entity
http://ncicb.nci.nih.gov/xml/owl/EVS/Thesaurus.owl#C48694	Cell	Any small compartment.	Conceptual Entity
http://ncicb.nci.nih.gov/xml/owl/EVS/Thesaurus.owl#C41207	Chain	A series of objects linked, connected, or associated together in linear fashion (e.g., the assemblage of atoms, radicals and chemical groups in a chemical compound, or an assemblage of individual microorganisms).	Conceptual Entity
http://ncicb.nci.nih.gov/xml/owl/EVS/Thesaurus.owl#C44170	Channel	An independent acquisition scheme, i.e., a route or conduit through which flows data consisting of one particular measurement using one particular parameter.	Conceptual Entity
http://ncicb.nci.nih.gov/xml/owl/EVS/Thesaurus.owl#C165459	Checkbox	A space on a paper form or an on-screen graphical display that can be filled or selected to choose an option.	Conceptual Entity
http://ncicb.nci.nih.gov/xml/owl/EVS/Thesaurus.owl#C142429	Clinical Generalizability	The extent to which the findings of a clinical trial can be reliably extrapolated from the subjects who participated in the trial to a broader patient population and a broader range of clinical settings. (ICH)	Conceptual Entity
http://ncicb.nci.nih.gov/xml/owl/EVS/Thesaurus.owl#C25162	Code	A symbol or combination of symbols which is assigned to the members of a collection.	Conceptual Entity
http://ncicb.nci.nih.gov/xml/owl/EVS/Thesaurus.owl#C45974	Computer Programming Object	In object-oriented programming, an object is a self-contained entity that consists of both data and procedures to manipulate the data.	Conceptual Entity
http://ncicb.nci.nih.gov/xml/owl/EVS/Thesaurus.owl#C80013	Conceptual Parent	Something from which one or more similar and separate things have developed, or to which they are attached.	Conceptual Entity
http://ncicb.nci.nih.gov/xml/owl/EVS/Thesaurus.owl#C79892	Concern	A matter of interest or importance.	Conceptual Entity
http://ncicb.nci.nih.gov/xml/owl/EVS/Thesaurus.owl#C54033	Conclusion	A position or opinion or judgment reached after consideration.	Conceptual Entity
http://ncicb.nci.nih.gov/xml/owl/EVS/Thesaurus.owl#C16466	Confidentiality	Treatment of information so that it is not divulged in ways that are inconsistent with the understanding of the original disclosure. Particularly, the ethical principle or legal right that a physician or other health professional will hold secret all information relating to a patient, unless the patient gives consent permitting disclosure.	Conceptual Entity
http://ncicb.nci.nih.gov/xml/owl/EVS/Thesaurus.owl#C25460	Consent	Permission to do something.	Conceptual Entity
http://ncicb.nci.nih.gov/xml/owl/EVS/Thesaurus.owl#C84378	Construct	An abstract or general idea inferred or derived from specific instances.	Conceptual Entity
http://ncicb.nci.nih.gov/xml/owl/EVS/Thesaurus.owl#C44476	Content	Everything that is included in a collection, container, or communication.	Conceptual Entity
http://ncicb.nci.nih.gov/xml/owl/EVS/Thesaurus.owl#C63325	Context	The universe of discourse that surrounds a language unit and helps to determine its interpretation.	Conceptual Entity
http://ncicb.nci.nih.gov/xml/owl/EVS/Thesaurus.owl#C61300	Convention	Something regarded as a normative example.	Conceptual Entity
http://ncicb.nci.nih.gov/xml/owl/EVS/Thesaurus.owl#C44465	Coordinate	A number or other designation that identifies a position relative to an axis or grid.	Conceptual Entity
http://ncicb.nci.nih.gov/xml/owl/EVS/Thesaurus.owl#C67336	Copy	A secondary representation, reproduction, or replica.	Conceptual Entity
http://ncicb.nci.nih.gov/xml/owl/EVS/Thesaurus.owl#C69088	Cost	The amount paid, charged, or engaged to be paid, for purchasing goods, services and financial instruments.	Conceptual Entity
http://ncicb.nci.nih.gov/xml/owl/EVS/Thesaurus.owl#C171441	Countermeasure	An action taken against something undesirable or unwanted.	Conceptual Entity
http://ncicb.nci.nih.gov/xml/owl/EVS/Thesaurus.owl#C25379	Course	Passage through time; duration; a systematic or/and orderly succession; a sequence, e.g. course of treatment; a mode of action or behavior; natural development, typical manner of proceeding.	Conceptual Entity
http://ncicb.nci.nih.gov/xml/owl/EVS/Thesaurus.owl#C93215	Crime	An act that is punishable by law; illegal activities in general.	Conceptual Entity
http://ncicb.nci.nih.gov/xml/owl/EVS/Thesaurus.owl#C25466	Criterion	That which constitutes a standard from which a judgment can be established, a reference point against which other things can be evaluated, or a basis for comparison.	Conceptual Entity
http://ncicb.nci.nih.gov/xml/owl/EVS/Thesaurus.owl#C62220	Cure	Serving or tending to restore health; a remedy.	Conceptual Entity
http://ncicb.nci.nih.gov/xml/owl/EVS/Thesaurus.owl#C70828	Curve	A connected set of points constituting a one-dimensional continuum.	Conceptual Entity
http://ncicb.nci.nih.gov/xml/owl/EVS/Thesaurus.owl#C61555	Damage	Physical harm reducing the value, operation, or usefulness of something.	Conceptual Entity
http://ncicb.nci.nih.gov/xml/owl/EVS/Thesaurus.owl#C41002	Data Element	A unit of data for which the definition, identification, representation and permissible values are specified by means of a set of attributes.	Conceptual Entity
http://ncicb.nci.nih.gov/xml/owl/EVS/Thesaurus.owl#C48693	Data Table	A set of data arranged in rows and columns.	Conceptual Entity
http://ncicb.nci.nih.gov/xml/owl/EVS/Thesaurus.owl#C205688	Debt	Money that one person or entity owes or is required to pay to another person or entity.	Conceptual Entity
http://ncicb.nci.nih.gov/xml/owl/EVS/Thesaurus.owl#C53285	Decision	A position, opinion, or judgment reached on an issue under consideration.	Conceptual Entity
http://ncicb.nci.nih.gov/xml/owl/EVS/Thesaurus.owl#C150047	Decompensation	The inability of an organ or organ system to maintain homeostasis due to functional overload, often caused by the presence of disease intrinsic to the organ or organ system, or dysfunction in other organ systems.	Conceptual Entity
http://ncicb.nci.nih.gov/xml/owl/EVS/Thesaurus.owl#C85987	Default	Failure to meet an obligation.	Conceptual Entity
http://ncicb.nci.nih.gov/xml/owl/EVS/Thesaurus.owl#C43429	Defect	A failing or deficiency.	Conceptual Entity
http://ncicb.nci.nih.gov/xml/owl/EVS/Thesaurus.owl#C61556	Defense	Protection from harm.	Conceptual Entity
http://ncicb.nci.nih.gov/xml/owl/EVS/Thesaurus.owl#C37940	Deficit	A lack or deficiency.	Conceptual Entity
http://ncicb.nci.nih.gov/xml/owl/EVS/Thesaurus.owl#C93216	Delinquency	An act by a minor that is punishable by law.	Conceptual Entity
http://ncicb.nci.nih.gov/xml/owl/EVS/Thesaurus.owl#C93550	Derivation Expression	A character string containing a formal language expression that specifies how attributes are, should be, or have been derived from input parameters associated with activity.	Conceptual Entity
http://ncicb.nci.nih.gov/xml/owl/EVS/Thesaurus.owl#C25480	Details	Particulars considered individually and in relation to a whole.	Conceptual Entity
http://ncicb.nci.nih.gov/xml/owl/EVS/Thesaurus.owl#C136827	Determine	The establishment of a state or result.	Conceptual Entity
http://ncicb.nci.nih.gov/xml/owl/EVS/Thesaurus.owl#C62189	Difficulty	Something not easily done, accomplished, comprehended, or solved.	Conceptual Entity
http://ncicb.nci.nih.gov/xml/owl/EVS/Thesaurus.owl#C180582	Discretion	The freedom or authority to act according to one's own judgment.	Conceptual Entity
http://ncicb.nci.nih.gov/xml/owl/EVS/Thesaurus.owl#C92450	Discrimination	The unfair treatment of a person or group based on class or category bias.	Conceptual Entity
http://ncicb.nci.nih.gov/xml/owl/EVS/Thesaurus.owl#C41205	Disposition	The tendency of something to act in a certain manner under given circumstances resulting from natural constitution; nature; quality; orderly arrangement.	Conceptual Entity
http://ncicb.nci.nih.gov/xml/owl/EVS/Thesaurus.owl#C203918	Dissent	To hold or express an opinion that is counter to commonly or officially held opinions.	Conceptual Entity
http://ncicb.nci.nih.gov/xml/owl/EVS/Thesaurus.owl#C75521	Disturbance	A departure or divergence from that which is considered normal.	Conceptual Entity
http://ncicb.nci.nih.gov/xml/owl/EVS/Thesaurus.owl#C62289	Domain	An area of knowledge considered as a discrete unit for some purpose.	Conceptual Entity
http://ncicb.nci.nih.gov/xml/owl/EVS/Thesaurus.owl#C92192	E-Z Notation	A system for naming the stereoisomers of a molecule. The configuration at each double bond is determined by the priority of the side groups and whether the highest priority groups are on the same or opposite side. A Z indicates that the highest-priority side groups are on the same side and an E indicates that the highest-priority side groups are on opposite sides. Priority is given to the bonded atom with the higher atomic number.	Conceptual Entity
http://ncicb.nci.nih.gov/xml/owl/EVS/Thesaurus.owl#C133237	Encase	To completely and closely surround.	Conceptual Entity
http://ncicb.nci.nih.gov/xml/owl/EVS/Thesaurus.owl#C94347	Energy Balance		Conceptual Entity
http://ncicb.nci.nih.gov/xml/owl/EVS/Thesaurus.owl#C51070	Entity	An independently existing thing (living or nonliving).	Conceptual Entity
http://ncicb.nci.nih.gov/xml/owl/EVS/Thesaurus.owl#C16551	Environment	The totality of surrounding conditions.	Conceptual Entity
http://ncicb.nci.nih.gov/xml/owl/EVS/Thesaurus.owl#C41195	Equation	A statement written in symbols that two objects, e.g. mathematical expressions, or arrays of symbols representing a chemical reaction, are equal under certain conditions. Equations are usually and sometimes tacitly accompanied by the requirement to establish these conditions. In the case where mathematical or chemical objects contain arbitrary variables, such a requirement may mean finding those values of the variables that turn the equation into equality. Equations are sometimes called more explicitly as conditional equations.	Conceptual Entity
http://ncicb.nci.nih.gov/xml/owl/EVS/Thesaurus.owl#C43369	Error	A discrepancy between a computed, observed, or measured value or condition and the true, specified, or theoretically correct value or condition.	Conceptual Entity
http://ncicb.nci.nih.gov/xml/owl/EVS/Thesaurus.owl#C25499	Event	Something that happens at a given place and time.	Conceptual Entity
http://ncicb.nci.nih.gov/xml/owl/EVS/Thesaurus.owl#C43583	Evidence	Knowledge on which to base belief.	Conceptual Entity
http://ncicb.nci.nih.gov/xml/owl/EVS/Thesaurus.owl#C48175	Example	A representative form or pattern; an item of information that is representative of a type.	Conceptual Entity
http://ncicb.nci.nih.gov/xml/owl/EVS/Thesaurus.owl#C54420	Exception	An instance that does not conform to a rule or generalization.	Conceptual Entity
http://ncicb.nci.nih.gov/xml/owl/EVS/Thesaurus.owl#C73530	Exemption	Immunity from an obligation or duty.	Conceptual Entity
http://ncicb.nci.nih.gov/xml/owl/EVS/Thesaurus.owl#C25359	Expectancy	Something expected, especially the value (e.g. an amount, or length of time) or probability of occurrence for a specific event based on statistical calculations.	Conceptual Entity
http://ncicb.nci.nih.gov/xml/owl/EVS/Thesaurus.owl#C54627	Experience	The accumulation of knowledge or skill that results from direct participation in events or activities.	Conceptual Entity
http://ncicb.nci.nih.gov/xml/owl/EVS/Thesaurus.owl#C80488	Expression	A combination of symbols that represents a value.	Conceptual Entity
http://ncicb.nci.nih.gov/xml/owl/EVS/Thesaurus.owl#C25332	Extent	The range, magnitude, or distance over which a thing spans an interval of distance, space, or time.	Conceptual Entity
http://ncicb.nci.nih.gov/xml/owl/EVS/Thesaurus.owl#C62574	Facility	Services and space and equipment provided for a particular purpose; a building or place that provides a particular service or is used for a particular industry.	Conceptual Entity
http://ncicb.nci.nih.gov/xml/owl/EVS/Thesaurus.owl#C25506	Factor	Anything that contributes causally to a result.	Conceptual Entity
http://ncicb.nci.nih.gov/xml/owl/EVS/Thesaurus.owl#C88186	Financial Account	A formal relationship established to provide for regular banking and business services.	Conceptual Entity
http://ncicb.nci.nih.gov/xml/owl/EVS/Thesaurus.owl#C25514	Fraction	A part, a fragment of a whole.	Conceptual Entity
http://ncicb.nci.nih.gov/xml/owl/EVS/Thesaurus.owl#C48295	Fragment	A part of a larger entity.	Conceptual Entity
http://ncicb.nci.nih.gov/xml/owl/EVS/Thesaurus.owl#C48360	Frame of Reference	A set of ideas, as of philosophical or religious doctrine, in terms of which other ideas are interpreted or assigned meaning; a system that uses coordinates to establish position.	Conceptual Entity
http://ncicb.nci.nih.gov/xml/owl/EVS/Thesaurus.owl#C43434	Functional Map	A function such that for every element of one set there is a unique element of another set.	Conceptual Entity
http://ncicb.nci.nih.gov/xml/owl/EVS/Thesaurus.owl#C17769	Funding	A sum of money or other resources set aside for a specific purpose.	Conceptual Entity
http://ncicb.nci.nih.gov/xml/owl/EVS/Thesaurus.owl#C16632	Geographic Area	Any demarcated area of the Earth; may be determined by both natural and human boundaries.	Conceptual Entity
http://ncicb.nci.nih.gov/xml/owl/EVS/Thesaurus.owl#C37958	Germ	Something that may serve as the basis of further growth or development; an informal term for a bacterium.	Conceptual Entity
http://ncicb.nci.nih.gov/xml/owl/EVS/Thesaurus.owl#C78315	Government	The political organization by which a nation, stateor region is ruled.	Conceptual Entity
http://ncicb.nci.nih.gov/xml/owl/EVS/Thesaurus.owl#C75923	Graph Edge	A connection between nodes in a graph.	Conceptual Entity
http://ncicb.nci.nih.gov/xml/owl/EVS/Thesaurus.owl#C75907	Graph Node	One of the points that define a graph.	Conceptual Entity
http://ncicb.nci.nih.gov/xml/owl/EVS/Thesaurus.owl#C43359	Group	Any number of entities (members) considered as a unit.	Conceptual Entity
http://ncicb.nci.nih.gov/xml/owl/EVS/Thesaurus.owl#C54106	Handle	A number or token that lets a program access a resource. Programs often receive a handle in response to a request for a resource, and then they use the handle when they need to access the resource. When the program uses the handle, the value of the handle tells the system which resource, from the pool of resources maintained by the system, to use.	Conceptual Entity
http://ncicb.nci.nih.gov/xml/owl/EVS/Thesaurus.owl#C101282	Have	Used to describe the possession, relationships, or the state of something or someone.	Conceptual Entity
http://ncicb.nci.nih.gov/xml/owl/EVS/Thesaurus.owl#C73538	Hazard	A source of danger or risk.	Conceptual Entity
http://ncicb.nci.nih.gov/xml/owl/EVS/Thesaurus.owl#C94432	Heritage		Conceptual Entity
http://ncicb.nci.nih.gov/xml/owl/EVS/Thesaurus.owl#C54625	History	The aggregate of past events; the continuum of events occurring in succession leading from the past to the present; a record or narrative description of past events.	Conceptual Entity
http://ncicb.nci.nih.gov/xml/owl/EVS/Thesaurus.owl#C96264	Hypogranularity	A term that refers to the presence of diminished numbers of cytoplasmic granules in myeloid cells.	Conceptual Entity
http://ncicb.nci.nih.gov/xml/owl/EVS/Thesaurus.owl#C28362	Hypothesis		Conceptual Entity
http://ncicb.nci.nih.gov/xml/owl/EVS/Thesaurus.owl#C142576	ICH Type Of Comparison	Within the context of ICH, this data element describes how treatment arms will be compared within the clinical trial, to include trials that show superiority, non-equivalence, or non-inferiority, or dose-response relationships.	Conceptual Entity
http://ncicb.nci.nih.gov/xml/owl/EVS/Thesaurus.owl#C53277	Incentive	A benefit, consideration, or positive motivational influence, financial or otherwise, given to induce a specific action.	Conceptual Entity
http://ncicb.nci.nih.gov/xml/owl/EVS/Thesaurus.owl#C47882	Increment	The amount by which something increases.	Conceptual Entity
http://ncicb.nci.nih.gov/xml/owl/EVS/Thesaurus.owl#C41184	Indication	A sign, signal, circumstance, or symptom which serves to indicate or point out the cause, pathology, treatment, or issue of an attack of disease; the basis for initiation of a treatment for a disease or of a diagnostic test (causal, or symptomatic, or disease-specific indication).	Conceptual Entity
http://ncicb.nci.nih.gov/xml/owl/EVS/Thesaurus.owl#C25180	Indicator	An event, entity or condition that typically characterizes a prescribed environment or situation and determines or aids in determining whether certain stated circumstances exist or criteria are satisfied.	Conceptual Entity
http://ncicb.nci.nih.gov/xml/owl/EVS/Thesaurus.owl#C48191	Information	Knowledge derived from study, experience, or instruction that has been gathered or received by communication.	Conceptual Entity
http://ncicb.nci.nih.gov/xml/owl/EVS/Thesaurus.owl#C20865	Information and Media		Conceptual Entity
http://ncicb.nci.nih.gov/xml/owl/EVS/Thesaurus.owl#C80260	Infrastructure	The basic facilities, equipment, or underlying framework that are necessary for a system or organization to function.	Conceptual Entity
http://ncicb.nci.nih.gov/xml/owl/EVS/Thesaurus.owl#C51981	Ingredient	That which enters into a compound, or is a component part of any combination or mixture; an element; a constituent.	Conceptual Entity
http://ncicb.nci.nih.gov/xml/owl/EVS/Thesaurus.owl#C25536	Initials	The first letter of a word, especially the first letter of each word in a proper name.	Conceptual Entity
http://ncicb.nci.nih.gov/xml/owl/EVS/Thesaurus.owl#C54190	Initiator	Something that sets into motion some course of events; a device that activates or releases or causes something to happen.	Conceptual Entity
http://ncicb.nci.nih.gov/xml/owl/EVS/Thesaurus.owl#C47905	Input	Anything added into a sytem.	Conceptual Entity
http://ncicb.nci.nih.gov/xml/owl/EVS/Thesaurus.owl#C171543	Insecurity	Uncertainty or anxiety that things are not fixed or safe.	Conceptual Entity
http://ncicb.nci.nih.gov/xml/owl/EVS/Thesaurus.owl#C45518	Insert	Something inserted or to be inserted.	Conceptual Entity
http://ncicb.nci.nih.gov/xml/owl/EVS/Thesaurus.owl#C48364	Instance	An occurrence of something.	Conceptual Entity
http://ncicb.nci.nih.gov/xml/owl/EVS/Thesaurus.owl#C18928	Insurance and Payment Issues	The effect of insurance coverage on medical care and practices.	Conceptual Entity
http://ncicb.nci.nih.gov/xml/owl/EVS/Thesaurus.owl#C97331	Intellectual Property	Creations of the mind, such as those created by musicians, authors, artists, and inventors.	Conceptual Entity
http://ncicb.nci.nih.gov/xml/owl/EVS/Thesaurus.owl#C25725	Intent	An anticipated outcome that is the purpose for actions taken, thus guiding the action.	Conceptual Entity
http://ncicb.nci.nih.gov/xml/owl/EVS/Thesaurus.owl#C25352	International Normalized Ratio	A system, commonly called the INR, established by the World Health Organization (WHO) and the International Committee on Thrombosis and Hemostasis for reporting the results of blood coagulation (clotting) tests. All results are standardized using the international sensitivity index (ISI) for the particular thromboplastin reagent and instrument combination utilized to perform the test; the ratio of a patient's clotting time to the lab's mean reference value is normalized against the ISI. (from medterms.com and medicine.ucsf.edu)	Conceptual Entity
http://ncicb.nci.nih.gov/xml/owl/EVS/Thesaurus.owl#C142381	Interoperability	The capability of two or more systems or components to use and transfer information reciprocally.	Conceptual Entity
http://ncicb.nci.nih.gov/xml/owl/EVS/Thesaurus.owl#C80456	Intersection	The set of elements common to two or more sets.	Conceptual Entity
http://ncicb.nci.nih.gov/xml/owl/EVS/Thesaurus.owl#C120399	Intrusions	Inclusions of words that were not on the test list.	Conceptual Entity
http://ncicb.nci.nih.gov/xml/owl/EVS/Thesaurus.owl#C61036	Investigation Finding	The result of an examination or inquiry.	Conceptual Entity
http://ncicb.nci.nih.gov/xml/owl/EVS/Thesaurus.owl#C45261	Item Collection	A group of items of the same type, gathered for display or study.	Conceptual Entity
http://ncicb.nci.nih.gov/xml/owl/EVS/Thesaurus.owl#C92457	Job Decision Latitude	The extent to which one can make decisions and exercise control over their work.	Conceptual Entity
http://ncicb.nci.nih.gov/xml/owl/EVS/Thesaurus.owl#C79890	Jurisdiction	The territory within which power can be exercised.	Conceptual Entity
http://ncicb.nci.nih.gov/xml/owl/EVS/Thesaurus.owl#C52564	K Prime	A dimensionless value that refers to the molar concentrations of chemical reactants and products under standard conditions.	Conceptual Entity
http://ncicb.nci.nih.gov/xml/owl/EVS/Thesaurus.owl#C70772	Knowledge Field	A branch of knowledge.	Conceptual Entity
http://ncicb.nci.nih.gov/xml/owl/EVS/Thesaurus.owl#C45311	Lane	A defined path with physical dimensions through which an object or substance may traverse.	Conceptual Entity
http://ncicb.nci.nih.gov/xml/owl/EVS/Thesaurus.owl#C16779	Language	A systematic means of communicating by the use of sounds, symbols, or gestures.	Conceptual Entity
http://ncicb.nci.nih.gov/xml/owl/EVS/Thesaurus.owl#C43430	Layout	A plan or design of something that is laid out.	Conceptual Entity
http://ncicb.nci.nih.gov/xml/owl/EVS/Thesaurus.owl#C142142	Life	The biochemical phenomenon that distinguishes organisms from inorganic matter. It is characterized by growth, metabolism, and reproduction.	Conceptual Entity
http://ncicb.nci.nih.gov/xml/owl/EVS/Thesaurus.owl#C94920	Line of Response	A line defined by a detector and its collimator in SPECT or by 2 coincident detectors in PET.	Conceptual Entity
http://ncicb.nci.nih.gov/xml/owl/EVS/Thesaurus.owl#C60792	Lineage	Descent in a line from a common progenitor or source.	Conceptual Entity
http://ncicb.nci.nih.gov/xml/owl/EVS/Thesaurus.owl#C49162	Literacy	The ability to read and write.	Conceptual Entity
http://ncicb.nci.nih.gov/xml/owl/EVS/Thesaurus.owl#C42764	Living Culture		Conceptual Entity
http://ncicb.nci.nih.gov/xml/owl/EVS/Thesaurus.owl#C25559	Loss	A gradual decline in amount or activity.	Conceptual Entity
http://ncicb.nci.nih.gov/xml/owl/EVS/Thesaurus.owl#C41396	Lot	A defined quantity of manufactured material or product produced in a single manufacturing process or series of process steps so that it reasonably is expected to be homogeneous.	Conceptual Entity
http://ncicb.nci.nih.gov/xml/owl/EVS/Thesaurus.owl#C48187	Material	The tangible substance that goes into the makeup of a physical object.	Conceptual Entity
http://ncicb.nci.nih.gov/xml/owl/EVS/Thesaurus.owl#C80248	Meal	Any of the occasions for eating food that occur by custom or habit at more or less fixed times.	Conceptual Entity
http://ncicb.nci.nih.gov/xml/owl/EVS/Thesaurus.owl#C88149	Meaning	The idea or message that is intended, expressed, or signified.	Conceptual Entity
http://ncicb.nci.nih.gov/xml/owl/EVS/Thesaurus.owl#C47955	Means	A way of doing something; how a result is obtained or an end is achieved.	Conceptual Entity
http://ncicb.nci.nih.gov/xml/owl/EVS/Thesaurus.owl#C61426	Mediator	An agent that acts as a link between parties, objects, or actions.	Conceptual Entity
http://ncicb.nci.nih.gov/xml/owl/EVS/Thesaurus.owl#C94405	Meridian	A concept in Chinese medicine that holds that the pathways through which qi ("life force") flows are located throughout the body bilaterally, and exist beneath the surface of the skin.	Conceptual Entity
http://ncicb.nci.nih.gov/xml/owl/EVS/Thesaurus.owl#C86572	Methodology	The system of methods followed in a particular discipline.	Conceptual Entity
http://ncicb.nci.nih.gov/xml/owl/EVS/Thesaurus.owl#C70743	Milestone	An important event in the progress, development, or history of something or in someone's life.	Conceptual Entity
http://ncicb.nci.nih.gov/xml/owl/EVS/Thesaurus.owl#C19896	Miscellaneous Molecular Biology Terms		Conceptual Entity
http://ncicb.nci.nih.gov/xml/owl/EVS/Thesaurus.owl#C67078	Mismatch	A failure to correspond or match; to match unsuitably or inaccurately.	Conceptual Entity
http://ncicb.nci.nih.gov/xml/owl/EVS/Thesaurus.owl#C25571	Mode	A particular functioning condition or arrangement.	Conceptual Entity
http://ncicb.nci.nih.gov/xml/owl/EVS/Thesaurus.owl#C43383	Model	A style or design of an item.	Conceptual Entity
http://ncicb.nci.nih.gov/xml/owl/EVS/Thesaurus.owl#C16866	Model	A representation of something, often idealized or modified to make it conceptually easier to understand.	Conceptual Entity
http://ncicb.nci.nih.gov/xml/owl/EVS/Thesaurus.owl#C42721	Module	A self-contained component (unit or item) that is used in combination with other components.	Conceptual Entity
http://ncicb.nci.nih.gov/xml/owl/EVS/Thesaurus.owl#C37994	Movement	A change in location or position.	Conceptual Entity
http://ncicb.nci.nih.gov/xml/owl/EVS/Thesaurus.owl#C42614	Name	The words or language units by which a thing is known.	Conceptual Entity
http://ncicb.nci.nih.gov/xml/owl/EVS/Thesaurus.owl#C156472	Name and Version	An identifier that includes the words or language units by which a thing is known and the form or variant of the original.	Conceptual Entity
http://ncicb.nci.nih.gov/xml/owl/EVS/Thesaurus.owl#C41204	Need	Anything that is necessary but lacking; the psychological feature that arouses an organism to action toward a desired goal; the reason for the action; that which gives purpose and direction to behavior.	Conceptual Entity
http://ncicb.nci.nih.gov/xml/owl/EVS/Thesaurus.owl#C25594	Negation	An operation in which a term denies or inverts the meaning of another term or construction.	Conceptual Entity
http://ncicb.nci.nih.gov/xml/owl/EVS/Thesaurus.owl#C203922	Negligible	Of such a small amount as to be considered insignificant.	Conceptual Entity
http://ncicb.nci.nih.gov/xml/owl/EVS/Thesaurus.owl#C45783	Noise	Any part of a signal that is not the true or original signal but is introduced by the communication mechanism.	Conceptual Entity
http://ncicb.nci.nih.gov/xml/owl/EVS/Thesaurus.owl#C45281	Object	Something perceptible by one or more of the senses, especially by vision or touch; a material thing.	Conceptual Entity
http://ncicb.nci.nih.gov/xml/owl/EVS/Thesaurus.owl#C49155	Objective	A goal or aim to be accomplished or attained.	Conceptual Entity
http://ncicb.nci.nih.gov/xml/owl/EVS/Thesaurus.owl#C92650	Observer	A person, organization, or device that makes an observation.	Conceptual Entity
http://ncicb.nci.nih.gov/xml/owl/EVS/Thesaurus.owl#C19160	Occupation or Discipline	A grouping of occupations and fields of study.	Conceptual Entity
http://ncicb.nci.nih.gov/xml/owl/EVS/Thesaurus.owl#C171545	Occupational Prestige	The differential social worth which is ascribed to jobs or occupations.	Conceptual Entity
http://ncicb.nci.nih.gov/xml/owl/EVS/Thesaurus.owl#C86573	Odor	The sensation that results when olfactory receptors in the nose are stimulated by particular chemicals in gaseous form.	Conceptual Entity
http://ncicb.nci.nih.gov/xml/owl/EVS/Thesaurus.owl#C61378	Opening	An aperture or hole leading into something, especially a bodily cavity.	Conceptual Entity
http://ncicb.nci.nih.gov/xml/owl/EVS/Thesaurus.owl#C84752	Operator	A symbol used to perform an arithmetic or logical operation.	Conceptual Entity
http://ncicb.nci.nih.gov/xml/owl/EVS/Thesaurus.owl#C25374	Options	Alternative choices or actions.	Conceptual Entity
http://ncicb.nci.nih.gov/xml/owl/EVS/Thesaurus.owl#C42703	Origin	The place where something begins or comes from in either the sense of a physical location or a metaphysical source.	Conceptual Entity
http://ncicb.nci.nih.gov/xml/owl/EVS/Thesaurus.owl#C20200	Outcome	The result of an action.	Conceptual Entity
http://ncicb.nci.nih.gov/xml/owl/EVS/Thesaurus.owl#C79083	Outlier	An observation in a data set that is numerically distant from the rest of the data.	Conceptual Entity
http://ncicb.nci.nih.gov/xml/owl/EVS/Thesaurus.owl#C47906	Output	Anything coming out of a system.	Conceptual Entity
http://ncicb.nci.nih.gov/xml/owl/EVS/Thesaurus.owl#C54669	Overlap	The phenomenon of coinciding partially or wholly; extending over and covering a part of.	Conceptual Entity
http://ncicb.nci.nih.gov/xml/owl/EVS/Thesaurus.owl#C52643	Ownership	The legal relation in which a person or group entity has a financial interest in, dominion of, or control over an object or property.	Conceptual Entity
http://ncicb.nci.nih.gov/xml/owl/EVS/Thesaurus.owl#C28290	Panacea		Conceptual Entity
http://ncicb.nci.nih.gov/xml/owl/EVS/Thesaurus.owl#C45313	Part	One of the portions into which something is regarded as divided and which together constitute a whole.	Conceptual Entity
http://ncicb.nci.nih.gov/xml/owl/EVS/Thesaurus.owl#C203923	Participate	To take part in an activity.	Conceptual Entity
http://ncicb.nci.nih.gov/xml/owl/EVS/Thesaurus.owl#C41107	Party	An informal term specifying an organization or person.	Conceptual Entity
http://ncicb.nci.nih.gov/xml/owl/EVS/Thesaurus.owl#C60697	Passage	A path through which water or other materials may flow or travel.	Conceptual Entity
http://ncicb.nci.nih.gov/xml/owl/EVS/Thesaurus.owl#C42710	Password	A secret set of characters, numbers, or symbols used as a form of authentication.	Conceptual Entity
http://ncicb.nci.nih.gov/xml/owl/EVS/Thesaurus.owl#C52644	Patient Base	The total number of patients that have been evaluated or treated.	Conceptual Entity
http://ncicb.nci.nih.gov/xml/owl/EVS/Thesaurus.owl#C52646	Patient Load	The number of patients who are evaluated or treated in any given period of time.	Conceptual Entity
http://ncicb.nci.nih.gov/xml/owl/EVS/Thesaurus.owl#C142628	Patient Reported Outcome Stem	The prompt, question or instruction in a patient-reported outcome item. (CDISC Glossary)	Conceptual Entity
http://ncicb.nci.nih.gov/xml/owl/EVS/Thesaurus.owl#C142630	Patient-Reported Outcome Item Generation	The process for identifying the individual questions, statements, or tasks within a patient reported outcome (PRO) instrument.	Conceptual Entity
http://ncicb.nci.nih.gov/xml/owl/EVS/Thesaurus.owl#C142629	Patient-reported Outcome Item	A question, statement, or task and its pre-specified response values within a patient-reported outcome instrument.	Conceptual Entity
http://ncicb.nci.nih.gov/xml/owl/EVS/Thesaurus.owl#C25336	Pattern	An arrangement of objects, facts, behaviors, or other things which have scientific, mathematical, geometric, statistical, or other meaning.	Conceptual Entity
http://ncicb.nci.nih.gov/xml/owl/EVS/Thesaurus.owl#C180612	Pay	Money or other benefits received in exchange for work.	Conceptual Entity
http://ncicb.nci.nih.gov/xml/owl/EVS/Thesaurus.owl#C48054	Peak	The most extreme possible amount or value; the highest point.	Conceptual Entity
http://ncicb.nci.nih.gov/xml/owl/EVS/Thesaurus.owl#C25361	Performance	A manner of functioning or operating.	Conceptual Entity
http://ncicb.nci.nih.gov/xml/owl/EVS/Thesaurus.owl#C120398	Perseverations	Repeats of words that have been previously mentioned on the same trial.	Conceptual Entity
http://ncicb.nci.nih.gov/xml/owl/EVS/Thesaurus.owl#C25190	Person	A human being.	Conceptual Entity
http://ncicb.nci.nih.gov/xml/owl/EVS/Thesaurus.owl#C25257	Phase	A distinguishable part, a stage in a series of events or in a process of development, e.g. any of the varying aspects or stages in course of a disease; a fraction of a cycle.	Conceptual Entity
http://ncicb.nci.nih.gov/xml/owl/EVS/Thesaurus.owl#C61380	Phenomenon	A fact or situation that is observed to exist.	Conceptual Entity
http://ncicb.nci.nih.gov/xml/owl/EVS/Thesaurus.owl#C80242	Phoneme	A speech sound that is distinguished by the speakers of a particular language.	Conceptual Entity
http://ncicb.nci.nih.gov/xml/owl/EVS/Thesaurus.owl#C54273	Picture	A visual representation of an object, scene, person or abstraction.	Conceptual Entity
http://ncicb.nci.nih.gov/xml/owl/EVS/Thesaurus.owl#C48367	Pixel	The smallest resolvable rectangular area of an image, either on a screen or stored in memory.	Conceptual Entity
http://ncicb.nci.nih.gov/xml/owl/EVS/Thesaurus.owl#C25319	Place	The particular portion of space occupied by a physical object or intended for a physical object.	Conceptual Entity
http://ncicb.nci.nih.gov/xml/owl/EVS/Thesaurus.owl#C63534	Plane	An imaginary surface formed by extension of a point through any axis or two definite points; any flat two-dimensional surface.	Conceptual Entity
http://ncicb.nci.nih.gov/xml/owl/EVS/Thesaurus.owl#C48223	Plug	An object designed to fill a hole tightly; anything that resembles such an object in appearance or origin.	Conceptual Entity
http://ncicb.nci.nih.gov/xml/owl/EVS/Thesaurus.owl#C70656	Point	The precise location of something; a spatially limited location.	Conceptual Entity
http://ncicb.nci.nih.gov/xml/owl/EVS/Thesaurus.owl#C48909	Pointer	An address or abstract location where a specified object can be found.	Conceptual Entity
http://ncicb.nci.nih.gov/xml/owl/EVS/Thesaurus.owl#C62230	Potential	The likelihood or possibility that a specific state or condition will exist or that an action will occur.	Conceptual Entity
http://ncicb.nci.nih.gov/xml/owl/EVS/Thesaurus.owl#C60827	Precaution	A measure taken beforehand to prevent harm or secure good.	Conceptual Entity
http://ncicb.nci.nih.gov/xml/owl/EVS/Thesaurus.owl#C48044	Precursor	A substance from which another substance is formed.	Conceptual Entity
http://ncicb.nci.nih.gov/xml/owl/EVS/Thesaurus.owl#C54156	Prediction	An extrapolation of given data into the future.	Conceptual Entity
http://ncicb.nci.nih.gov/xml/owl/EVS/Thesaurus.owl#C41187	Preference	The act, fact, or principle of giving advantages to some particular person, object, or course of action over others; designated as more desirable.	Conceptual Entity
http://ncicb.nci.nih.gov/xml/owl/EVS/Thesaurus.owl#C87136	Prepuberty	The period of development immediately prior to the onset of puberty when changes occur that lead to sexual maturity.	Conceptual Entity
http://ncicb.nci.nih.gov/xml/owl/EVS/Thesaurus.owl#C28020	Problem	A difficulty, disorder, or condition needing resolution.	Conceptual Entity
http://ncicb.nci.nih.gov/xml/owl/EVS/Thesaurus.owl#C29862	Process	A sequence of events which produces some outcome.	Conceptual Entity
http://ncicb.nci.nih.gov/xml/owl/EVS/Thesaurus.owl#C52647	Program	A broad framework of goals to be achieved.	Conceptual Entity
http://ncicb.nci.nih.gov/xml/owl/EVS/Thesaurus.owl#C25630	Progress	The act of moving forward toward a goal.	Conceptual Entity
http://ncicb.nci.nih.gov/xml/owl/EVS/Thesaurus.owl#C47885	Project	Any specifically defined piece of work that is undertaken or attempted to meet a single requirement.	Conceptual Entity
http://ncicb.nci.nih.gov/xml/owl/EVS/Thesaurus.owl#C25176	Projection	A prediction made by extrapolating from past observations.	Conceptual Entity
http://ncicb.nci.nih.gov/xml/owl/EVS/Thesaurus.owl#C73618	Property	Any tangible or intangible possession that is owned by a person, group, or organization.	Conceptual Entity
http://ncicb.nci.nih.gov/xml/owl/EVS/Thesaurus.owl#C43581	Provenance	Where something originated or was nurtured in its early existence.	Conceptual Entity
http://ncicb.nci.nih.gov/xml/owl/EVS/Thesaurus.owl#C37900	Provider	One that makes something available.	Conceptual Entity
http://ncicb.nci.nih.gov/xml/owl/EVS/Thesaurus.owl#C92459	Psychological Demand	The mental arousal or stimulation necessary to accomplish a task.	Conceptual Entity
http://ncicb.nci.nih.gov/xml/owl/EVS/Thesaurus.owl#C82393	Puberty	The stage in life when sex glands become functional. It is characterized by the development of secondary sex characteristics, reproductive functions, and growth spurts.	Conceptual Entity
http://ncicb.nci.nih.gov/xml/owl/EVS/Thesaurus.owl#C25634	Purpose	What something is used for; reason or intention.	Conceptual Entity
http://ncicb.nci.nih.gov/xml/owl/EVS/Thesaurus.owl#C25635	Qualifying	Success in satisfying a test or requirement.	Conceptual Entity
http://ncicb.nci.nih.gov/xml/owl/EVS/Thesaurus.owl#C71610	Quotient	A quantity obtained by division.	Conceptual Entity
http://ncicb.nci.nih.gov/xml/owl/EVS/Thesaurus.owl#C93642	Randomization Weight	The relative proportion of subjects to be randomized.	Conceptual Entity
